layer_id,profile_id,texture_class,alpha_kpa,n,thetar,thetas,sand,silt,clay,ksat_cmh,depth_cm,lat,lon,source_db,oc,om,porosity,bd,rmse,n_points,thetar_m,thetas_m,alpha_kpa_m,n_m,m,rmse_m,sample_type,sample_type_source,island,locality,sand_resin,silt_resin,clay_resin,texture_class_resin
AR_C10P1-1_jun94,AR_C10,clay,5.26433238171339,1.0833758269603562,1.3111112519664454e-08,0.5307043111904193,26.0,31.0,43.0,9.6,20.0,28.52,-16.38,Armas_Canarias,0.6960556844547564,1.2,,1.19,0.010502308897164416,12,7.251582965332383e-23,0.5281731262288277,6.053146869635973,3.8928687981687005,0.020741880946201018,0.00997951433056036,undisturbed,"Armas Espinel (2013): undisturbed rings, Tempe cells and pressure plates; Ks on the rings",Tenerife,"Valle Guerra, La Laguna",,,,
AR_C10P1-3_jun94,AR_C10,clay,3.596970145211183,1.182483985433784,0.16622249271397738,0.5726503694903086,23.0,31.0,46.0,20.6,20.0,28.52,-16.38,Armas_Canarias,0.6960556844547564,1.2,,1.07,0.006839267417560121,12,0.1301292647924052,0.5700796514663816,5.1639198257713295,3.7976613033051523,0.038505154720577674,0.005760425132546748,undisturbed,"Armas Espinel (2013): undisturbed rings, Tempe cells and pressure plates; Ks on the rings",Tenerife,"Valle Guerra, La Laguna",,,,
AR_C10P1-5_jun94,AR_C10,clay,2.8664369784993853,1.2833526817792835,0.22963717065227804,0.5588329679488415,23.0,30.0,47.0,2.5,20.0,28.52,-16.38,Armas_Canarias,0.6960556844547564,1.2,,1.1,0.013678599001757236,12,0.2137571471756418,0.5536220391614655,3.945992171800465,3.8520983603800762,0.06105422432184037,0.012355040281494901,undisturbed,"Armas Espinel (2013): undisturbed rings, Tempe cells and pressure plates; Ks on the rings",Tenerife,"Valle Guerra, La Laguna",,,,
AR_C10P1-6_jun94,AR_C10,clay,5.862893297129308,1.069697945952933,3.372435209713395e-18,0.4930771285892528,31.0,27.0,42.0,13.7,20.0,28.52,-16.38,Armas_Canarias,1.6821345707656612,2.9,,1.24,0.010898267317358762,12,1.22410655948936e-18,0.4928906417421961,5.564504645035759,1.01,0.06954416096701414,0.010810714403629785,undisturbed,"Armas Espinel (2013): undisturbed rings, Tempe cells and pressure plates; Ks on the rings",Tenerife,"Valle Guerra, La Laguna",,,,
AR_C10P2-3_jun94,AR_C10,clay,2.360527898517039,1.2015918603355726,0.19228710469207394,0.4651435484765304,23.0,18.0,59.0,,47.5,28.52,-16.38,Armas_Canarias,0.580046403712297,1.0,,1.05,0.006113179036775836,12,0.19310233462237503,0.46521893638262174,2.322085611584505,1.1844513379006303,0.17176470963208393,0.006112745586269162,undisturbed,"Armas Espinel (2013): undisturbed rings, Tempe cells and pressure plates; Ks on the rings",Tenerife,"Valle Guerra, La Laguna",,,,
AR_C10S-1_jun94,AR_C10,clay,3.0428551720336707,1.1323761546374498,0.0638252996292018,0.5856653534236486,18.0,39.0,43.0,28.9,5.0,28.52,-16.38,Armas_Canarias,2.2041763341067284,3.8,,1.01,0.011793274025298095,12,1.706120396795897e-08,0.5804571667138623,4.101425967932935,3.0919311061422827,0.03372213582836199,0.01054846461798993,undisturbed,"Armas Espinel (2013): undisturbed rings, Tempe cells and pressure plates; Ks on the rings",Tenerife,"Valle Guerra, La Laguna",,,,
AR_C10S-3_jun94,AR_C10,clay,5.284497656904507,1.0957406884700511,1.3458146287839544e-11,0.5521477326287791,27.0,29.0,44.0,21.7,5.0,28.52,-16.38,Armas_Canarias,0.6960556844547564,1.2,,1.1,0.008554274164421467,12,2.781348062826613e-34,0.5499943092327486,6.25171412914562,4.507696475876996,0.02051100904943808,0.007994006454508911,undisturbed,"Armas Espinel (2013): undisturbed rings, Tempe cells and pressure plates; Ks on the rings",Tenerife,"Valle Guerra, La Laguna",,,,
AR_C10S-5_jun94,AR_C10,clay,4.110729814800458,1.0955923304371562,5.010743732518715e-22,0.5466798697407844,24.0,29.0,47.0,1.3,5.0,28.52,-16.38,Armas_Canarias,1.0440835266821347,1.8,,1.12,0.012066304937409072,12,6.637419787865558e-33,0.5440438278861045,4.745298390168117,2.028846839819191,0.045589388348323975,0.011742843433148886,undisturbed,"Armas Espinel (2013): undisturbed rings, Tempe cells and pressure plates; Ks on the rings",Tenerife,"Valle Guerra, La Laguna",,,,
AR_C10S-6_jun94,AR_C10,clay loam,6.271539156367759,1.0852633684128055,1.3996677001640606e-09,0.5296588474431279,24.0,38.0,38.0,,5.0,28.52,-16.38,Armas_Canarias,1.5661252900232019,2.7,,1.04,0.012066481742652672,12,2.2759922988941524e-18,0.5281684039407366,7.26742217610911,4.142275585862196,0.02000000003766824,0.011742756334285405,undisturbed,"Armas Espinel (2013): undisturbed rings, Tempe cells and pressure plates; Ks on the rings",Tenerife,"Valle Guerra, La Laguna",,,,
AR_C1S-1_nov99,AR_C1,sandy loam,1.3790515864951702,1.136208662251336,0.11064817958595972,0.6484268698147647,60.1,22.7,17.2,1618.42,7.5,28.52,-16.38,Armas_Canarias,1.1020881670533642,1.9,,0.97,0.0050586049510324416,14,2.0636594720389065e-09,0.6439514773585372,2.025472461298721,2.236012434749446,0.04287131382673349,0.004288134733643636,undisturbed,"Armas Espinel (2013): undisturbed rings, Tempe cells and pressure plates; Ks on the rings",Tenerife,"Valle Guerra, La Laguna",,,,
AR_C1S-10_nov99,AR_C1,sandy loam,0.14209539974448912,1.6231911516956976,0.3535583308289933,0.6210299469654434,65.30000000000001,21.400000000000002,13.300000000000002,35.97,7.5,28.52,-16.38,Armas_Canarias,1.6821345707656612,2.9,,0.79,0.009211081651119958,14,0.35355833082896115,0.6178922902456848,0.19465956103289173,2.467401511866193,0.2197130588645441,0.008714071198590209,undisturbed,"Armas Espinel (2013): undisturbed rings, Tempe cells and pressure plates; Ks on the rings",Tenerife,"Valle Guerra, La Laguna",,,,
AR_C1S-11_nov99,AR_C1,sandy loam,0.18213294819109646,1.6102243356110826,0.29546906532337236,0.5817497000570421,69.6,20.7,9.7,8.64,7.5,28.52,-16.38,Armas_Canarias,1.334106728538283,2.3,,0.83,0.008300024202834357,14,0.2954690653222877,0.5825665379874693,0.1673473709348463,1.4999350024744806,0.4215596962513055,0.008274134719619016,undisturbed,"Armas Espinel (2013): undisturbed rings, Tempe cells and pressure plates; Ks on the rings",Tenerife,"Valle Guerra, La Laguna",45.5,22.5,32.0,sandy clay loam
AR_C1S-12_nov99,AR_C1,sandy loam,0.16952345838251534,1.6669883577275009,0.289836385866213,0.5802100502576887,67.5,20.5,12.0,7.959999999999999,7.5,28.52,-16.38,Armas_Canarias,1.6821345707656612,2.9,,0.76,0.009145272727741901,14,0.28983638586621313,0.5760238087233864,0.24043501120154762,2.822096135404454,0.20198377185282704,0.008165369774348482,undisturbed,"Armas Espinel (2013): undisturbed rings, Tempe cells and pressure plates; Ks on the rings",Tenerife,"Valle Guerra, La Laguna",,,,
AR_C1S-13_nov99,AR_C1,sandy loam,0.15122061635492828,1.6852370294074097,0.29068880797363167,0.6117347042123971,71.5,21.2,7.3,2.38,7.5,28.52,-16.38,Armas_Canarias,1.0440835266821347,1.8,,0.81,0.005746525687327176,13,0.2755549978755975,0.6067981177461126,0.24664558079293264,3.4541693716489474,0.1417624874590368,0.0024637231502684493,undisturbed,"Armas Espinel (2013): undisturbed rings, Tempe cells and pressure plates; Ks on the rings",Tenerife,"Valle Guerra, La Laguna",,,,
AR_C1S-14_nov99,AR_C1,sandy loam,0.20571917552973623,1.701477760553618,0.3050262464759026,0.6379498090895914,68.66866866866866,19.619619619619623,11.711711711711713,10.15,7.5,28.52,-16.38,Armas_Canarias,1.6241299303944314,2.8,,0.77,0.006425424608524229,14,0.29359670361678625,0.6325149546956425,0.3048186755965889,3.0159829245310523,0.1785108628015613,0.003975666338995658,undisturbed,"Armas Espinel (2013): undisturbed rings, Tempe cells and pressure plates; Ks on the rings",Tenerife,"Valle Guerra, La Laguna",,,,
AR_C1S-15_nov99,AR_C1,sandy loam,0.1946193673407829,1.5251601080335324,0.27396665706095497,0.6342245381882728,66.5,22.8,10.7,6.4,7.5,28.52,-16.38,Armas_Canarias,1.5661252900232019,2.7,,0.81,0.005830688460026951,13,0.25434256927311877,0.6289964842147648,0.2979652342816169,2.527632419919091,0.15564139700272164,0.003706428762725957,undisturbed,"Armas Espinel (2013): undisturbed rings, Tempe cells and pressure plates; Ks on the rings",Tenerife,"Valle Guerra, La Laguna",,,,
AR_C1S-16_nov99,AR_C1,sandy loam,0.22381139316143278,1.6085756383301697,0.24906124699549356,0.6329358524381639,72.0,16.1,11.9,1.6800000000000002,7.5,28.52,-16.38,Armas_Canarias,1.334106728538283,2.3,,0.77,0.004921572633390857,13,0.23708670046894245,0.6288793008245602,0.31480251391381353,2.284435050266342,0.21365173977971746,0.0033874506895952435,undisturbed,"Armas Espinel (2013): undisturbed rings, Tempe cells and pressure plates; Ks on the rings",Tenerife,"Valle Guerra, La Laguna",,,,
AR_C1S-17_nov99,AR_C1,sandy loam,0.39803526921062415,1.4817803138290673,0.19896956901960758,0.6165454686012537,68.7,21.3,10.0,1113.6200000000001,7.5,28.52,-16.38,Armas_Canarias,1.740139211136891,3.0,,0.77,0.006333747929004836,13,0.18735575411559222,0.6130014173045215,0.5166616166989193,1.924375151593967,0.21326016172992038,0.005584020296194755,undisturbed,"Armas Espinel (2013): undisturbed rings, Tempe cells and pressure plates; Ks on the rings",Tenerife,"Valle Guerra, La Laguna",,,,
AR_C1S-18_nov99,AR_C1,sandy loam,0.21848200246333818,1.4120042455641455,0.19832648181786008,0.5487875457297486,65.8,23.5,10.7,22.72,7.5,28.52,-16.38,Armas_Canarias,1.334106728538283,2.3,,0.78,0.012397116802160983,14,0.21808844444692696,0.5551934553354794,0.11245534301627624,1.0100000000004583,0.5897383671799002,0.011504499932452918,undisturbed,"Armas Espinel (2013): undisturbed rings, Tempe cells and pressure plates; Ks on the rings",Tenerife,"Valle Guerra, La Laguna",,,,
AR_C1S-19_nov99,AR_C1,sandy loam,0.27822407813722777,1.729936019538342,0.2881538418594183,0.6354351631176578,65.76576576576578,21.921921921921925,12.312312312312313,12.76,7.5,28.52,-16.38,Armas_Canarias,1.334106728538283,2.3,,0.77,0.005414620223942709,14,0.2881538418594183,0.6363004428509795,0.26485358815552434,1.646051463063779,0.453247772185851,0.0053828040997466325,undisturbed,"Armas Espinel (2013): undisturbed rings, Tempe cells and pressure plates; Ks on the rings",Tenerife,"Valle Guerra, La Laguna",46.5,14.5,39.0,sandy clay
AR_C1S-2_nov99,AR_C1,sandy loam,0.3270642271777085,1.3348290351810461,0.2144552766953307,0.5789267364001022,65.9,20.9,13.199999999999998,11.57,7.5,28.52,-16.38,Armas_Canarias,1.0440835266821347,1.8,,0.78,0.002964569801008743,13,0.20345618327267218,0.5756319335419501,0.38933960844045745,1.5983553867314697,0.18647899725817424,0.0027337596684266193,undisturbed,"Armas Espinel (2013): undisturbed rings, Tempe cells and pressure plates; Ks on the rings",Tenerife,"Valle Guerra, La Laguna",,,,
AR_C1S-20_nov99,AR_C1,sandy loam,0.5475722071005373,1.454869345936293,0.24479773297345933,0.6547487094123767,67.8,19.8,12.4,18.98,7.5,28.52,-16.38,Armas_Canarias,1.6821345707656612,2.9,,0.69,0.008914854225229784,14,0.24322401986745817,0.65419773119908,0.5706484894987369,1.5079099023234923,0.2946359733290848,0.008904955716015397,undisturbed,"Armas Espinel (2013): undisturbed rings, Tempe cells and pressure plates; Ks on the rings",Tenerife,"Valle Guerra, La Laguna",,,,
AR_C1S-21_nov99,AR_C1,sandy loam,0.25616447712781204,1.6169306134573995,0.28128919086343984,0.6714554199636346,67.7,22.5,9.8,11.67,7.5,28.52,-16.38,Armas_Canarias,0.9280742459396752,1.6,,0.76,0.007951930245557945,14,0.2883560444304689,0.6765990347012014,0.16238339346431646,1.231602819055196,0.6363141532018265,0.006981088565990611,undisturbed,"Armas Espinel (2013): undisturbed rings, Tempe cells and pressure plates; Ks on the rings",Tenerife,"Valle Guerra, La Laguna",,,,
AR_C1S-22_nov99,AR_C1,sandy loam,0.5020360864990637,1.4432292499602175,0.25640515860670093,0.6502021481688012,63.6,23.5,12.9,26.580000000000002,7.5,28.52,-16.38,Armas_Canarias,1.1020881670533642,1.9,,0.73,0.005156259098877346,12,0.2513121434642751,0.6487215760904387,0.5718732039593689,1.6178930192967427,0.2537561351906719,0.005012187725042717,undisturbed,"Armas Espinel (2013): undisturbed rings, Tempe cells and pressure plates; Ks on the rings",Tenerife,"Valle Guerra, La Laguna",39.2,21.8,39.0,clay loam
AR_C1S-23_nov99,AR_C1,sandy loam,0.3155132637075556,1.6008823038766775,0.2620053469345015,0.6190551264085697,70.3,19.2,10.5,5.3,7.5,28.52,-16.38,Armas_Canarias,1.2180974477958237,2.1,,0.72,0.006649773262771172,14,0.2644271385451639,0.6203175607001329,0.2840217131674073,1.4791358237888241,0.43186413090351006,0.006588589385773479,undisturbed,"Armas Espinel (2013): undisturbed rings, Tempe cells and pressure plates; Ks on the rings",Tenerife,"Valle Guerra, La Laguna",,,,
AR_C1S-24_nov99,AR_C1,sandy loam,0.18406448199522882,1.5079692397590445,0.28929837810835135,0.6283370612514371,65.0,23.1,11.9,1.9300000000000002,7.5,28.52,-16.38,Armas_Canarias,1.160092807424594,2.0,,0.88,0.009426098051181352,14,0.2798144275506965,0.6258307447412974,0.23765527189028246,1.914400239019245,0.22608535966989757,0.009246116286952145,undisturbed,"Armas Espinel (2013): undisturbed rings, Tempe cells and pressure plates; Ks on the rings",Tenerife,"Valle Guerra, La Laguna",,,,
AR_C1S-25_nov99,AR_C1,sandy loam,1.090813003588654,1.267791703988677,0.18872508948738387,0.6040079987539968,64.13586413586414,21.87812187812188,13.986013986013987,3.5,7.5,28.52,-16.38,Armas_Canarias,1.4501160092807426,2.5,,1.04,0.009581560453961925,14,0.20338695113231364,0.6057982152415742,0.827678835596294,1.0647350391897539,0.2905409060194005,0.009474313608708703,undisturbed,"Armas Espinel (2013): undisturbed rings, Tempe cells and pressure plates; Ks on the rings",Tenerife,"Valle Guerra, La Laguna",,,,
AR_C1S-26_nov99,AR_C1,sandy loam,0.5422321340482351,1.3690969270626852,0.19406644563071415,0.6005361892943327,69.86986986986987,20.42042042042042,9.70970970970971,598.11,7.5,28.52,-16.38,Armas_Canarias,1.3921113689095128,2.4,,0.97,0.005748465793367574,13,0.17920750171349278,0.5970587202396398,0.7080806538056269,1.8407978351297687,0.17067730835853093,0.005125037961520742,undisturbed,"Armas Espinel (2013): undisturbed rings, Tempe cells and pressure plates; Ks on the rings",Tenerife,"Valle Guerra, La Laguna",,,,
AR_C1S-27_nov99,AR_C1,sandy loam,0.23914858931605842,1.5539412180893089,0.29897585355584694,0.6500410545734228,68.26826826826826,21.72172172172172,10.01001001001001,620.3199999999999,7.5,28.52,-16.38,Armas_Canarias,0.9280742459396752,1.6,,0.93,0.009152019561898239,14,0.3082761800655481,0.6557154868981081,0.14053097391159042,1.14867138265402,0.638769621975726,0.008343840280567005,undisturbed,"Armas Espinel (2013): undisturbed rings, Tempe cells and pressure plates; Ks on the rings",Tenerife,"Valle Guerra, La Laguna",,,,
AR_C1S-28_nov99,AR_C1,sandy loam,0.2538912418738899,1.483022863841076,0.30125978807946036,0.6378937578537828,66.03396603396602,23.076923076923077,10.88911088911089,12.86,7.5,28.52,-16.38,Armas_Canarias,1.5081206496519721,2.6,,0.79,0.00520051372715741,13,0.28241514139974927,0.632448609425339,0.38769418088239765,2.6055756643816004,0.13999376963306218,0.003174383555650463,undisturbed,"Armas Espinel (2013): undisturbed rings, Tempe cells and pressure plates; Ks on the rings",Tenerife,"Valle Guerra, La Laguna",,,,
AR_C1S-29_nov99,AR_C1,sandy loam,0.28684085184779134,1.4263375312509228,0.24061972152046823,0.6776964424788603,69.8,22.7,7.5,7.733,7.5,28.52,-16.38,Armas_Canarias,1.0440835266821347,1.8,,0.87,0.006550223994262786,13,0.25646405953670415,0.6825363453095576,0.18427314824109167,1.1169790872327348,0.48660853208032256,0.005855418643208839,undisturbed,"Armas Espinel (2013): undisturbed rings, Tempe cells and pressure plates; Ks on the rings",Tenerife,"Valle Guerra, La Laguna",46.0,24.5,29.5,sandy clay loam
AR_C1S-3_nov99,AR_C1,sandy loam,0.6353076061755768,1.2508673881806178,0.19727851681558622,0.6274340748932695,61.80000000000001,26.900000000000002,11.300000000000002,5.9399999999999995,7.5,28.52,-16.38,Armas_Canarias,1.6821345707656612,2.9,,0.8,0.0029255254897541465,14,0.18924356896299077,0.6266175060250061,0.6991024046742221,1.3507507129360632,0.17509296750460696,0.002876477880254289,undisturbed,"Armas Espinel (2013): undisturbed rings, Tempe cells and pressure plates; Ks on the rings",Tenerife,"Valle Guerra, La Laguna",,,,
AR_C1S-30_nov99,AR_C1,sandy loam,0.29110742115393723,1.473118664715421,0.2942643907262748,0.6376191986826272,66.96696696696698,20.62062062062062,12.412412412412412,205.14000000000001,7.5,28.52,-16.38,Armas_Canarias,1.4501160092807426,2.5,,0.9,0.0051815260065268594,14,0.2966846931911763,0.6385228122155037,0.2677902092577127,1.3846602236390626,0.3580938381704081,0.005154700063531995,undisturbed,"Armas Espinel (2013): undisturbed rings, Tempe cells and pressure plates; Ks on the rings",Tenerife,"Valle Guerra, La Laguna",,,,
AR_C1S-31_nov99,AR_C1,sandy loam,0.33198596079994513,1.4516308302687997,0.27957432926902864,0.6200373175287311,70.5,19.6,9.9,9.57,7.5,28.52,-16.38,Armas_Canarias,1.5661252900232019,2.7,,0.88,0.005119287507307536,14,0.27526359732039213,0.6186824842206332,0.37646205059891913,1.6227700291541116,0.25875940215502263,0.005040718215621694,undisturbed,"Armas Espinel (2013): undisturbed rings, Tempe cells and pressure plates; Ks on the rings",Tenerife,"Valle Guerra, La Laguna",,,,
AR_C1S-32_nov99,AR_C1,sandy loam,0.29115916062140507,1.3915647138363423,0.23610642627759185,0.6438564159239933,66.6,21.9,11.5,2461.7,7.5,28.52,-16.38,Armas_Canarias,1.334106728538283,2.3,,0.88,0.006262882335270501,13,0.2118657829728058,0.6382272930452602,0.41916224067568725,2.174719915118941,0.14118039999134763,0.004968625364839687,undisturbed,"Armas Espinel (2013): undisturbed rings, Tempe cells and pressure plates; Ks on the rings",Tenerife,"Valle Guerra, La Laguna",41.4,20.6,38.0,clay loam
AR_C1S-33_nov99,AR_C1,sandy loam,0.18152187143847093,1.454164867412817,0.23990569107107632,0.6646382976581258,70.37037037037038,20.520520520520524,9.10910910910911,16.369999999999997,7.5,28.52,-16.38,Armas_Canarias,1.160092807424594,2.0,,0.94,0.004462549236994524,13,0.24888924975333168,0.6666776940590171,0.14664214010255633,1.2851197551540061,0.4020980340422483,0.004238895463968499,undisturbed,"Armas Espinel (2013): undisturbed rings, Tempe cells and pressure plates; Ks on the rings",Tenerife,"Valle Guerra, La Laguna",,,,
AR_C1S-34_nov99,AR_C1,sandy loam,0.13080209543233687,1.4846703752964818,0.22403633320892913,0.6098912618862732,66.63336663336663,21.77822177822178,11.588411588411589,26.53,7.5,28.52,-16.38,Armas_Canarias,1.6589327146171695,2.8600000000000003,,0.93,0.006936179029469773,13,0.18373093603673907,0.602710875677759,0.22854627028004754,3.4935233183465755,0.09100584603697738,0.0036817378779609696,undisturbed,"Armas Espinel (2013): undisturbed rings, Tempe cells and pressure plates; Ks on the rings",Tenerife,"Valle Guerra, La Laguna",,,,
AR_C1S-35_nov99,AR_C1,sandy loam,0.219373209602886,1.4236858562260681,0.24141421093066784,0.6436942390831772,70.69999999999999,20.599999999999998,8.699999999999998,14.23,7.5,28.52,-16.38,Armas_Canarias,1.334106728538283,2.3,,0.87,0.004683788783613097,13,0.23498732036540493,0.641345115613372,0.24772217554294299,1.5884205309982982,0.24657937036177885,0.004580544265069746,undisturbed,"Armas Espinel (2013): undisturbed rings, Tempe cells and pressure plates; Ks on the rings",Tenerife,"Valle Guerra, La Laguna",,,,
AR_C1S-4_nov99,AR_C1,sandy loam,0.5551686901560332,1.3222368999533585,0.20313689603112842,0.6289167456509712,66.5,21.8,11.7,5.6899999999999995,7.5,28.52,-16.38,Armas_Canarias,1.334106728538283,2.3,,0.75,0.003648523695126057,14,0.19797153650735116,0.6280330628853729,0.6048312511210663,1.4189779442295354,0.2161073271752618,0.0036003217789891866,undisturbed,"Armas Espinel (2013): undisturbed rings, Tempe cells and pressure plates; Ks on the rings",Tenerife,"Valle Guerra, La Laguna",44.0,20.0,36.0,clay loam
AR_C1S-5_nov99,AR_C1,sandy loam,0.13935626715436375,1.407090707369609,0.25985745909542957,0.6133250973899916,64.86486486486487,19.41941941941942,15.715715715715717,139.07999999999998,7.5,28.52,-16.38,Armas_Canarias,1.2761020881670535,2.2,,0.91,0.007723914368633474,14,0.19658061521055056,0.6059858155555878,0.2754127808169011,10.999999801553395,0.02147059178467463,0.0029235472166537924,undisturbed,"Armas Espinel (2013): undisturbed rings, Tempe cells and pressure plates; Ks on the rings",Tenerife,"Valle Guerra, La Laguna",,,,
AR_C1S-6_nov99,AR_C1,clay loam,0.044747421069417,1.4232791597293448,0.33737498501171476,0.678293604787409,38.8,23.0,38.2,4.55,7.5,28.52,-16.38,Armas_Canarias,1.2761020881670535,2.2,,0.94,0.011345594248638383,14,0.25967438282086946,0.6766334212107438,0.07671387686663471,2.0063271757281216,0.12070701501257204,0.01116972206767974,undisturbed,"Armas Espinel (2013): undisturbed rings, Tempe cells and pressure plates; Ks on the rings",Tenerife,"Valle Guerra, La Laguna",,,,
AR_C1S-7_nov99,AR_C1,sandy loam,0.3221683079051212,1.5463450104885301,0.23463678109880828,0.6490041824434797,64.9,22.3,12.8,946.8100000000001,7.5,28.52,-16.38,Armas_Canarias,1.740139211136891,3.0,,0.7,0.007634325469843457,14,0.228510523368195,0.6462119678008182,0.3802768373704021,1.825620335919579,0.27047695702097146,0.007367392514225728,undisturbed,"Armas Espinel (2013): undisturbed rings, Tempe cells and pressure plates; Ks on the rings",Tenerife,"Valle Guerra, La Laguna",,,,
AR_C1S-8_nov99,AR_C1,sandy clay loam,0.13699553013489302,1.542424763972246,0.2812470352921283,0.5728176411102217,53.5,20.7,25.8,0.32999999999999996,7.5,28.52,-16.38,Armas_Canarias,1.334106728538283,2.3,,0.93,0.007079645078273233,13,0.2577301442294427,0.5684639742042864,0.24263827507383043,3.57324661823531,0.10184471928528635,0.005733516040419326,undisturbed,"Armas Espinel (2013): undisturbed rings, Tempe cells and pressure plates; Ks on the rings",Tenerife,"Valle Guerra, La Laguna",,,,
AR_C1S-9_nov99,AR_C1,sandy loam,0.2247258708237072,1.4873963334743596,0.228000410599995,0.5616841156227087,66.73326673326673,20.17982017982018,13.086913086913087,1.4300000000000002,7.5,28.52,-16.38,Armas_Canarias,1.7981438515081207,3.1,,0.81,0.005669994798054312,13,0.21049045039116196,0.5575765876893215,0.3380064745825877,2.3829496807642814,0.1566024138730924,0.004328981114791288,undisturbed,"Armas Espinel (2013): undisturbed rings, Tempe cells and pressure plates; Ks on the rings",Tenerife,"Valle Guerra, La Laguna",,,,
AR_C2S-2_jul00,AR_C2,clay,0.21919709160041043,1.3332566843362215,0.24286064796237453,0.5657770398441841,14.138576779026216,34.26966292134831,51.59176029962546,15.01,7.5,28.08,-16.65,Armas_Canarias,1.705336426914153,2.94,,1.02,0.009353919952797596,12,0.18090606382469876,0.55753246811643,0.40762099346626834,9.910280380242748,0.020000000000000004,0.003955719855219302,undisturbed,"Armas Espinel (2013): undisturbed rings, Tempe cells and pressure plates; Ks on the rings",Tenerife,"Valle de San Lorenzo, Arona",25.757575757575758,26.060606060606062,48.18181818181818,clay
AR_C2S-4_jul00,AR_C2,clay,0.13483370656518234,1.1143200536602194,2.235881458317952e-08,0.5684559157023665,10.318949343339588,38.273921200750465,51.407129455909946,100.08,7.5,28.08,-16.65,Armas_Canarias,0.8642691415313225,1.49,,1.21,0.007341110063798873,14,2.336853855399552e-25,0.5651745077084369,0.17043084338517223,1.600750193419452,0.06634629074250802,0.007011593967108282,undisturbed,"Armas Espinel (2013): undisturbed rings, Tempe cells and pressure plates; Ks on the rings",Tenerife,"Valle de San Lorenzo, Arona",21.51898734177215,30.27426160337553,48.20675105485232,clay
AR_C2S-6_jul00,AR_C2,clay,0.12215520288605435,1.232280716189163,0.1912354207035192,0.5996200059708654,16.774791473586657,38.83225208526413,44.39295644114921,1.6010000000000002,7.5,28.08,-16.65,Armas_Canarias,1.5951276102088168,2.75,,1.09,0.006237075514072649,12,1.151066134076024e-12,0.5939253142358945,0.258605824867532,5.324722585269161,0.0200000000000289,0.0026082545406966866,undisturbed,"Armas Espinel (2013): undisturbed rings, Tempe cells and pressure plates; Ks on the rings",Tenerife,"Valle de San Lorenzo, Arona",25.159914712153515,29.42430703624733,45.41577825159914,clay
AR_C3S-1_jul00,AR_C3,silty clay,0.5758580589942432,1.1657892503030918,0.13886151673075925,0.6611387146745665,16.135662898252825,40.59609455292908,43.26824254881809,155.0,7.5,28.08,-16.65,Armas_Canarias,3.138051044083527,5.41,,1.03,0.008961453511146238,13,0.0007967394327789274,0.6534177796709217,0.8948592263399053,3.691222206262278,0.028527752541919697,0.0064799186053510205,undisturbed,"Armas Espinel (2013): undisturbed rings, Tempe cells and pressure plates; Ks on the rings",Tenerife,"Valle de San Lorenzo, Arona",24.134312696747113,28.436516264428118,47.429171038824755,clay
AR_C3S-2_jul00,AR_C3,silty clay,0.8090568738679762,1.3755108535954657,0.2690079933353359,0.6269974046649058,16.6988416988417,40.44401544401545,42.85714285714286,70.84,7.5,28.08,-16.65,Armas_Canarias,3.2540603248259865,5.61,,0.99,0.011723927999055113,13,0.24783761125805687,0.6190636997950529,1.1780162062015431,9.922642851041317,0.029473020495953423,0.009237232793587373,undisturbed,"Armas Espinel (2013): undisturbed rings, Tempe cells and pressure plates; Ks on the rings",Tenerife,"Valle de San Lorenzo, Arona",29.709364908503765,25.080731969860064,45.20990312163617,clay
AR_C4P-3_jul00,AR_C4,clay loam,0.12865936125640695,1.1063648174306162,1.2189007964865169e-16,0.6202187219639596,42.6,24.1,33.3,0.45999999999999996,22.5,28.08,-16.65,Armas_Canarias,1.2819025522041763,2.21,,1.0,0.012616996076589925,13,2.9885026327979775e-24,0.621187612881648,0.11480587178048683,1.0100000000000002,0.10870183316817787,0.012502496293557548,undisturbed,"Armas Espinel (2013): undisturbed rings, Tempe cells and pressure plates; Ks on the rings",Tenerife,"Valle de San Lorenzo, Arona",,,,
AR_C4S-2_abr00,AR_C4,clay loam,0.15367781788405904,1.4229989102658713,0.30200540508928264,0.5829268574930851,26.47058823529412,39.55375253549696,33.97565922920893,9.879999999999999,7.5,28.08,-16.65,Armas_Canarias,2.0707656612529006,3.5700000000000003,,0.93,0.005924016070275115,14,0.2530525270023845,0.5772135106374564,0.3134834989664186,10.99999999999575,0.022053560593092957,0.003464813344494138,undisturbed,"Armas Espinel (2013): undisturbed rings, Tempe cells and pressure plates; Ks on the rings",Tenerife,"Valle de San Lorenzo, Arona",23.85120350109409,28.884026258205687,47.264770240700216,clay
AR_C4S-2_jul00,AR_C4,clay loam,0.3484514481630544,1.1290958366608155,1.567022632812511e-17,0.6969637242158896,26.47058823529412,39.55375253549696,33.97565922920893,6.29,7.5,28.08,-16.65,Armas_Canarias,1.5777262180974476,2.7199999999999998,,0.99,0.015182313112910498,13,1.9377851502280995e-20,0.6854031193684758,0.4847062343537168,5.786573513283322,0.020000000028626175,0.012909985483073164,undisturbed,"Armas Espinel (2013): undisturbed rings, Tempe cells and pressure plates; Ks on the rings",Tenerife,"Valle de San Lorenzo, Arona",23.85120350109409,28.884026258205687,47.264770240700216,clay
AR_C4S-3_jul00,AR_C4,clay loam,0.32849063970255865,1.1101516464919214,1.78679289970533e-18,0.6521739203036729,24.748490945674043,40.84507042253521,34.40643863179075,5.2700000000000005,7.5,28.08,-16.65,Armas_Canarias,1.4791183294663572,2.55,,0.96,0.014868651229839705,13,4.5178272324060287e-13,0.6426673521339177,0.4530387961728624,4.952864238242913,0.02000000293285195,0.013197688936316562,undisturbed,"Armas Espinel (2013): undisturbed rings, Tempe cells and pressure plates; Ks on the rings",Tenerife,"Valle de San Lorenzo, Arona",23.14814814814815,33.43621399176955,43.415637860082306,clay
AR_C4S-6_abr00,AR_C4,clay loam,0.15518942113326847,1.201913962121151,0.2216536941300767,0.6396817695927675,25.27363184079602,40.8955223880597,33.830845771144276,3.3200000000000003,7.5,28.08,-16.65,Armas_Canarias,1.4037122969837588,2.42,,1.05,0.005251902676129297,13,2.3262245754408315e-13,0.6340351515808169,0.32179472964883404,4.562446433945067,0.02000000023324241,0.0024647082520254673,undisturbed,"Armas Espinel (2013): undisturbed rings, Tempe cells and pressure plates; Ks on the rings",Tenerife,"Valle de San Lorenzo, Arona",23.638344226579516,29.411764705882348,46.94989106753812,clay
AR_C4S-6_jul00,AR_C4,clay loam,0.13902548717101776,1.0822013766461616,2.0623934281674313e-17,0.5879431246128238,25.27363184079602,40.8955223880597,33.830845771144276,0.15,7.5,28.08,-16.65,Armas_Canarias,1.8387470997679813,3.17,,0.89,0.015164176137126036,13,5.689186796285356e-13,0.5881107287211694,0.12253210557161935,1.0100000000000002,0.08413716403648988,0.015017503840480917,undisturbed,"Armas Espinel (2013): undisturbed rings, Tempe cells and pressure plates; Ks on the rings",Tenerife,"Valle de San Lorenzo, Arona",23.638344226579516,29.411764705882348,46.94989106753812,clay
AR_N1P1-1_sep04,AR_N1,loam,0.20171728231335415,1.6526167057249674,0.2489663817805064,0.6669134790837373,45.6,28.6,25.8,47.58,22.5,28.83,-17.8,Armas_Canarias,4.083526682134571,7.040000000000001,,0.57,0.01330806865866996,12,0.23377660208076345,0.6563883592554979,0.3457646437488331,10.999999999999957,0.042402306746063566,0.0067032554031114045,undisturbed,"Armas Espinel (2013): undisturbed rings, Tempe cells and pressure plates; Ks on the rings",La Palma,Laguna de Barlovento,,,,
AR_N1P1-1'_sep04,AR_N1,loam,0.19301554378345284,1.6172898945129535,0.25779917662373664,0.663120055701365,45.6,28.6,25.8,47.58,22.5,28.83,-17.8,Armas_Canarias,4.083526682134571,7.040000000000001,,0.57,0.01433036444268345,12,0.23385708983096873,0.652350178525306,0.3377304915863631,10.999999999999975,0.03820503653217364,0.009648093794054265,undisturbed,"Armas Espinel (2013): undisturbed rings, Tempe cells and pressure plates; Ks on the rings",La Palma,Laguna de Barlovento,,,,
AR_N1P2-1_sep04,AR_N1,sandy clay loam,0.11861752713610743,1.3489898597734482,0.42267332578459876,0.7150551860842101,52.04795204795205,13.186813186813188,34.765234765234766,2.8,45.0,28.83,-17.8,Armas_Canarias,3.3990719257540607,5.86,,0.6,0.0065181561560218185,13,0.3260465865508992,0.709808009302228,0.254187263341878,8.440747161036057,0.02000000000000114,0.0028267055860953403,undisturbed,"Armas Espinel (2013): undisturbed rings, Tempe cells and pressure plates; Ks on the rings",La Palma,Laguna de Barlovento,,,,
AR_N2P-1_jul03,AR_N2,sandy loam,0.43611947215542574,1.1675459061980114,0.12736140163777174,0.48210200441958756,63.6,30.6,5.8,,40.0,28.47,-16.4,Armas_Canarias,3.752900232018562,6.470000000000001,,0.58,0.004575343673733588,14,0.13340327056727,0.48231108973295517,0.4147733389631492,1.133203181755521,0.1536535008027021,0.004574261932032162,undisturbed,"Armas Espinel (2013): undisturbed rings, Tempe cells and pressure plates; Ks on the rings",Tenerife,"Aguagarcía, Tacoronte",,,,
AR_N2P-1_may01,AR_N2,sandy loam,1.0706554496528726,1.358930491647762,0.2804588553989985,0.7396606194600239,63.6,30.6,5.8,104.78,40.0,28.47,-16.4,Armas_Canarias,3.752900232018562,6.470000000000001,,0.49,0.006477407962903254,14,0.2549263542334254,0.7322764390332227,1.595289471019084,2.865700472266124,0.09865692904464876,0.004361338434239,undisturbed,"Armas Espinel (2013): undisturbed rings, Tempe cells and pressure plates; Ks on the rings",Tenerife,"Aguagarcía, Tacoronte",,,,
AR_N2P-2_jul03,AR_N2,sandy loam,0.21158312082014838,1.7358508173615017,0.23830921008639508,0.7488072723193608,66.93306693306694,24.77522477522478,8.291708291708293,,40.0,28.47,-16.4,Armas_Canarias,3.114849187935035,5.37,,0.6,0.015232129000769557,14,0.2383092100863951,0.7323331631622798,0.31748411179297187,6.869554199448956,0.08761814734972131,0.009063328402251183,undisturbed,"Armas Espinel (2013): undisturbed rings, Tempe cells and pressure plates; Ks on the rings",Tenerife,"Aguagarcía, Tacoronte",,,,
AR_N2P-2_may01,AR_N2,sandy loam,0.1771769632393316,1.8254658814148206,0.2995324318612492,0.7852954688985063,66.93306693306694,24.77522477522478,8.291708291708293,53.92999999999999,40.0,28.47,-16.4,Armas_Canarias,3.114849187935035,5.37,,0.54,0.011993780832367367,14,0.2922599870497701,0.777128610850435,0.2542311940725952,3.3363145616936216,0.19843923701523555,0.009640540073581044,undisturbed,"Armas Espinel (2013): undisturbed rings, Tempe cells and pressure plates; Ks on the rings",Tenerife,"Aguagarcía, Tacoronte",,,,
AR_N3P1-1_nov04,AR_N3,sandy clay loam,0.49279874416512576,1.5303730373294435,0.3363720585286987,0.692864416769356,51.7,18.0,30.3,145.51,30.0,28.53,-16.28,Armas_Canarias,10.226218097447797,17.630000000000003,,0.61,0.011157339651510162,11,0.3312458929688728,0.6906080590237346,0.5859814167203589,1.7943468645168452,0.26620688170050893,0.010995589685781175,undisturbed,"Armas Espinel (2013): undisturbed rings, Tempe cells and pressure plates; Ks on the rings",Tenerife,"Las Mercedes, La Laguna",,,,
AR_N3P2-1_nov04,AR_N3,clay,1.0561502269170029,1.0383683248053548,6.178426289721775e-16,0.5887074741065462,8.629441624365482,22.33502538071066,69.03553299492386,0.007000000000000001,70.0,28.53,-16.28,Armas_Canarias,1.873549883990719,3.2299999999999995,,1.06,0.007664028658347539,11,9.711166715069489e-16,0.5887757529989962,1.0262477065273186,1.01,0.03821647331490101,0.007642297377800059,undisturbed,"Armas Espinel (2013): undisturbed rings, Tempe cells and pressure plates; Ks on the rings",Tenerife,"Las Mercedes, La Laguna",,,,
AR_N4P-1_jul03,AR_N4,clay,1.0748167019936967,1.5020287838133988,0.2626484842237873,0.6017115652247772,29.3,22.4,48.3,14.530000000000001,30.0,28.43,-16.38,Armas_Canarias,0.8294663573085848,1.4300000000000002,,1.17,0.020671357764137983,13,0.2626484842237918,0.5892621273697034,1.198575052643668,10.999999999988681,0.044332215594806296,0.015950826592902846,undisturbed,"Armas Espinel (2013): undisturbed rings, Tempe cells and pressure plates; Ks on the rings",Tenerife,"La Esperanza, El Rosario",,,,
AR_N4P-1'_jul03,AR_N4,clay,0.8643301474569655,1.8488619537799655,0.221000428508673,0.6130899189483063,29.3,22.4,48.3,14.530000000000001,30.0,28.43,-16.38,Armas_Canarias,0.8294663573085848,1.4300000000000002,,1.17,0.02978454205111754,13,0.221000428508673,0.6004251451110229,1.032622401961279,10.999999999984082,0.07313682162096512,0.022884066758771953,undisturbed,"Armas Espinel (2013): undisturbed rings, Tempe cells and pressure plates; Ks on the rings",Tenerife,"La Esperanza, El Rosario",,,,
